Layer[0],Layer[1],TEE[2-10],classifier
0.525360,0.018079,8.170888,8.790548
