Layer[0],Layer[1],TEE[2-4],Layer[5],Layer[6],Layer[7],Layer[8],Layer[9],Layer[10],classifier
0.522506,0.017951,8.184226,0.000992,0.015647,0.000416,0.001632,0.014688,0.000640,8.771274
