Layer[0],Layer[1],TEE[2-9],Layer[10],classifier
0.552178,0.018143,8.261712,0.001024,8.844736
