Layer[0],Layer[1],TEE[2-10],classifier
0.547507,0.017919,8.207351,8.837863
