Layer[0],Layer[1],TEE[2-4],Layer[5],Layer[6],Layer[7],Layer[8],Layer[9],Layer[10],classifier
0.538474,0.018014,8.095862,0.001183,0.015455,0.000384,0.001600,0.013471,0.000736,8.694809
