Layer[0],Layer[1],TEE[2-4],Layer[5],Layer[6],Layer[7],Layer[8],Layer[9],Layer[10],classifier
0.524935,0.017855,0.171640,0.000864,0.014783,0.000416,0.001568,0.002816,0.000608,0.744060
